{
  "one_d_advance_time": 0.04958888003602624,
  "two_d_gpu_kernel_time": 0.10183437471278012,
  "boundary_update_time": 0.03803777031134814,
  "gpu_inlets_apply_time": 0.011694973218254745,
  "scheduler_manager_overhead": 0.09741180576384068,
  "wall_clock_seconds": 0.2985678040422499
}