link_id,time,dt_exchange,eta_1d,eta_2d,Q_exchange,dV_exchange,cumulative_dV,mass_error,mode,iteration_count
return_link,15.0,15.0,0.98,0.5599999999999999,2.3863073127692505,35.79460969153876,35.79460969153876,0.0,fixed_interval,1
return_link,30.0,15.0,0.9199909766515096,0.5787915582637364,0.8576859582641684,12.865289373962526,48.659899065501286,0.0,fixed_interval,1
return_link,45.0,15.0,0.9528093934059143,0.5619689365300464,1.7180570407408609,25.770855611112914,74.4307546766142,0.0,fixed_interval,1
return_link,60.0,15.0,0.8359866738319397,0.572302732504655,0.0,0.0,74.4307546766142,0.0,fixed_interval,1
return_link,75.0,15.0,0.7478695313135783,0.5632182654608494,0.0,0.0,74.4307546766142,0.0,fixed_interval,1
return_link,80.0,5.0,0.661135216554006,0.5702233998921729,0.0,0.0,74.4307546766142,0.0,fixed_interval,1
