{
  "one_d_advance_time": 0.08720371697563678,
  "two_d_gpu_kernel_time": 0.12610177730675787,
  "boundary_update_time": 0.0488255136879161,
  "gpu_inlets_apply_time": 0.01032740029040724,
  "scheduler_manager_overhead": 0.11512946872971952,
  "wall_clock_seconds": 0.3875878769904375
}