{
  "case_name": "early_arrival_pulse_fixed_interval_005s",
  "scenario_family": "early_arrival_pulse",
  "case_variant": "mechanism",
  "scheduler_mode": "fixed_interval",
  "exchange_interval": 5.0,
  "reference_policy": "strict_global_min_dt",
  "source_mode": "synthetic",
  "wall_clock_seconds": 0.25606286397669464,
  "simulated_duration": 40.0,
  "exchange_event_count": 8,
  "first_exchange_time": 5.0,
  "cumulative_exchange_volume": 191.28584296302276,
  "sign_flip_count": 0,
  "link_mass_closure_error": 0.0,
  "final_total_mass_error": -108.32147936283422,
  "normalized_mass_error": 0.05604656528385703,
  "cumulative_mass_error": 1716.3118819333608,
  "relative_cost_ratio": 1.2160577842143572,
  "interval_over_t_arr_ref": 0.6362373823931393,
  "interval_over_t_rise_ref": 1.1987944100805235,
  "stage_rmse": 0.0029179428503018487,
  "discharge_rmse": 0.006432551709133038,
  "peak_stage_error": 0.004270044690196317,
  "peak_discharge_error": 0.00021201570636364409,
  "peak_time_error": -0.5,
  "arrival_time_error": 0.1341709719904447,
  "phase_lag": 0.0,
  "hydrograph_NSE": 0.999834855381389,
  "max_depth_map_difference": 0.29890574614703574,
  "arrival_time_map_difference": 1.667916501899752,
  "inundated_area_difference": 886.3452871333059,
  "wet_area_iou": 0.695764410580839,
  "wet_area_csi": 0.695764410580839,
  "first_exchange_offset_vs_arrival": -2.858702016522562
}