{
  "case_name": "early_arrival_pulse_fixed_interval_060s",
  "scenario_family": "early_arrival_pulse",
  "case_variant": "mechanism",
  "scheduler_mode": "fixed_interval",
  "exchange_interval": 60.0,
  "reference_policy": "strict_global_min_dt",
  "source_mode": "synthetic",
  "wall_clock_seconds": 0.1142153829568997,
  "simulated_duration": 40.0,
  "exchange_event_count": 1,
  "first_exchange_time": 40.0,
  "cumulative_exchange_volume": 189.35735365676985,
  "sign_flip_count": 0,
  "link_mass_closure_error": 0.0,
  "final_total_mass_error": 176.5643407439046,
  "normalized_mass_error": 0.0962720540794061,
  "cumulative_mass_error": 3531.286814878092,
  "relative_cost_ratio": 0.5424156528000206,
  "interval_over_t_arr_ref": 7.634848588717671,
  "interval_over_t_rise_ref": 14.38553292096628,
  "stage_rmse": 0.011567439301798954,
  "discharge_rmse": 0.017892935767012737,
  "peak_stage_error": 0.013714524098348946,
  "peak_discharge_error": -8.881784197001252e-16,
  "peak_time_error": 2.0,
  "arrival_time_error": 0.9693587961579286,
  "phase_lag": 1.0,
  "hydrograph_NSE": 0.9987222053658973,
  "max_depth_map_difference": 0.005079170432650437,
  "arrival_time_map_difference": 18.99664469063282,
  "inundated_area_difference": 46.3183321543645,
  "wet_area_iou": 0.9771493909953675,
  "wet_area_csi": 0.9771493909953675,
  "first_exchange_offset_vs_arrival": 32.141297983477436
}