{
  "one_d_advance_time": 0.28807156323455274,
  "two_d_gpu_kernel_time": 0.1784952487796545,
  "boundary_update_time": 0.3303259771782905,
  "gpu_inlets_apply_time": 0.02773310535121709,
  "scheduler_manager_overhead": 0.6144382484490052,
  "wall_clock_seconds": 1.43906414299272
}