{
  "one_d_advance_time": 0.6475970053579658,
  "two_d_gpu_kernel_time": 0.28275530273094773,
  "boundary_update_time": 0.2381828633369878,
  "gpu_inlets_apply_time": 0.03578499751165509,
  "scheduler_manager_overhead": 0.46891795203555375,
  "wall_clock_seconds": 1.6732381209731102
}