link_id,time,dt_exchange,eta_1d,eta_2d,Q_exchange,dV_exchange,cumulative_dV,mass_error,mode,iteration_count
front_main,60.0,60.0,0.38000000000000006,0.38000000000000006,6.88702652153527,413.22159129211616,413.22159129211616,0.0,sub,3
front_main,80.0,20.0,0.38000000000000006,0.38000000000000006,5.896948572259391,117.93897144518782,531.160562737304,0.0,sub,3
