{
  "case_name": "early_arrival_pulse_fixed_interval_002s",
  "scenario_family": "early_arrival_pulse",
  "case_variant": "mechanism",
  "scheduler_mode": "fixed_interval",
  "exchange_interval": 2.0,
  "reference_policy": "strict_global_min_dt",
  "source_mode": "synthetic",
  "wall_clock_seconds": 0.688435823074542,
  "simulated_duration": 40.0,
  "exchange_event_count": 20,
  "first_exchange_time": 2.0,
  "cumulative_exchange_volume": 191.07028988332053,
  "sign_flip_count": 0,
  "link_mass_closure_error": 0.0,
  "final_total_mass_error": -116.42145830460925,
  "normalized_mass_error": 0.06332580361613835,
  "cumulative_mass_error": 1887.5876287220012,
  "relative_cost_ratio": 3.269422705738423,
  "interval_over_t_arr_ref": 0.2544949529572557,
  "interval_over_t_rise_ref": 0.47951776403220936,
  "stage_rmse": 0.0011793642875564958,
  "discharge_rmse": 0.013615515709590912,
  "peak_stage_error": 0.0005661083986980842,
  "peak_discharge_error": -0.0030013681073386422,
  "peak_time_error": 0.0,
  "arrival_time_error": -0.22513242636240527,
  "phase_lag": 0.0,
  "hydrograph_NSE": 0.9992601118947719,
  "max_depth_map_difference": 0.09713385317345247,
  "arrival_time_map_difference": 1.0121615637827972,
  "inundated_area_difference": 229.4734947581826,
  "wet_area_iou": 0.8983046608116636,
  "wet_area_csi": 0.8983046608116636,
  "first_exchange_offset_vs_arrival": -5.858702016522562
}