time,one_d_volume,two_d_volume,system_volume,system_volume_change,system_mass_error,current_exchange_volume,cumulative_exchange_volume,exchange_count
21.6,14841.7578125,29921.885114937642,44763.64292743764,940.1044837084264,940.1044837084264,2423.1073397029054,2423.1073397029054,1
28.8,14934.375,30560.262996673166,45494.63799667316,1671.0995529439497,1671.099552943946,193.05149752557145,2616.158837228477,2
50.4,15112.826171875,32309.079970045615,47421.90614192061,3598.3676981913995,3598.367698191396,518.5386290406842,3134.697466269161,3
60.0,14759.4189453125,33350.6388230011,48110.0577683136,4286.519324584384,4286.519324584384,623.2083503028914,3757.9058165720526,4
79.2,14797.4609375,34485.760911410776,49283.221848910776,5459.68340518156,5459.68340518156,510.4978095086091,4268.4036260806615,5
88.8,14721.9951171875,35055.79596406237,49777.79108124987,5954.252637520651,5954.252637520651,331.46555128673526,4599.869177367396,6
105.6,14585.294921875,35923.845256781984,50509.140178656984,6685.601734927768,6685.601734927768,521.0068523474328,5120.876029714829,7
120.0,14470.36328125,36567.46701672705,51037.83029797705,7214.291854247836,7214.291854247836,410.1878106920735,5531.063840406903,8
