{
  "one_d_advance_time": 0.1589301599888131,
  "two_d_gpu_kernel_time": 0.24735595262609422,
  "boundary_update_time": 0.16539018682669848,
  "gpu_inlets_apply_time": 0.03038313123397529,
  "scheduler_manager_overhead": 0.31650894333142787,
  "wall_clock_seconds": 0.918568374007009
}