{
  "case_name": "early_arrival_pulse_yield_schedule",
  "scenario_family": "early_arrival_pulse",
  "case_variant": "mechanism",
  "scheduler_mode": "yield_schedule",
  "exchange_interval": NaN,
  "reference_policy": "strict_global_min_dt",
  "source_mode": "synthetic",
  "wall_clock_seconds": 0.2455265868920833,
  "simulated_duration": 40.0,
  "exchange_event_count": 8,
  "first_exchange_time": 7.2,
  "cumulative_exchange_volume": 191.41233687516836,
  "sign_flip_count": 0,
  "link_mass_closure_error": 0.0,
  "final_total_mass_error": -101.03496160537964,
  "normalized_mass_error": 0.052334245601455935,
  "cumulative_mass_error": 1631.5245486857216,
  "relative_cost_ratio": 1.166020377124561,
  "interval_over_t_arr_ref": NaN,
  "interval_over_t_rise_ref": NaN,
  "stage_rmse": 0.0026685054395424544,
  "discharge_rmse": 0.00515997064395413,
  "peak_stage_error": 0.0015411848789163018,
  "peak_discharge_error": -8.881784197001252e-16,
  "peak_time_error": 0.5,
  "arrival_time_error": 0.25451717019080355,
  "phase_lag": 0.0,
  "hydrograph_NSE": 0.999893734493642,
  "max_depth_map_difference": 0.4439088168720295,
  "arrival_time_map_difference": 1.9018006837294656,
  "inundated_area_difference": 1192.09947708203,
  "wet_area_iou": 0.6296799487276182,
  "wet_area_csi": 0.6296799487276182,
  "first_exchange_offset_vs_arrival": -0.6587020165225619
}