{
  "one_d_advance_time": 1.2252351172501221,
  "two_d_gpu_kernel_time": 0.8284031515941024,
  "boundary_update_time": 1.5543674192158505,
  "gpu_inlets_apply_time": 0.11253825994208455,
  "scheduler_manager_overhead": 1.677482265047729
}