time,one_d_volume,two_d_volume,system_volume,system_volume_change,system_mass_error,current_exchange_volume,cumulative_exchange_volume,exchange_count
15.0,15347.458984375,29156.320492431943,44503.77947680694,591.6644395813782,591.6644395813782,1660.5489745277905,1660.5489745277905,1
30.0,15481.5009765625,30428.99490321184,45910.49587977434,1998.3808425487732,1998.3808425487732,393.2586000177482,2053.807574545539,2
45.0,15381.1318359375,31789.422132948326,47170.553968885826,3258.438931660261,3258.438931660261,575.5804281715575,2629.3880027170962,3
60.0,15044.9609375,33154.9740937321,48199.9350312321,4287.8199940065315,4287.8199940065315,739.0840701068249,3368.4720728239213,4
75.0,15034.5439453125,34078.72183204027,49113.26577735277,5201.150740127203,5201.150740127203,436.0944499739185,3804.5665227978398,5
90.0,14915.1953125,34986.30407385996,49901.49938635996,5989.384349134394,5989.384349134394,513.3252066477294,4317.89172944557,6
105.0,14772.498046875,35789.86689853917,50562.36494541417,6650.249908188605,6650.249908188605,480.35195042526385,4798.243679870833,7
120.0,14610.7275390625,36532.041750766715,51142.769289829215,7230.65425260365,7230.65425260365,472.79423718349017,5271.037917054324,8
