{
  "case_name": "early_arrival_pulse_fixed_interval_015s",
  "scenario_family": "early_arrival_pulse",
  "case_variant": "mechanism",
  "scheduler_mode": "fixed_interval",
  "exchange_interval": 15.0,
  "reference_policy": "strict_global_min_dt",
  "source_mode": "synthetic",
  "wall_clock_seconds": 0.2411188120022416,
  "simulated_duration": 40.0,
  "exchange_event_count": 3,
  "first_exchange_time": 15.0,
  "cumulative_exchange_volume": 195.19575767434765,
  "sign_flip_count": 0,
  "link_mass_closure_error": 0.0,
  "final_total_mass_error": -75.7423695827149,
  "normalized_mass_error": 0.05916364317379697,
  "cumulative_mass_error": 1927.1347385498511,
  "relative_cost_ratio": 1.1450875917818788,
  "interval_over_t_arr_ref": 1.9087121471794177,
  "interval_over_t_rise_ref": 3.59638323024157,
  "stage_rmse": 0.022019918510895027,
  "discharge_rmse": 0.012310070559186209,
  "peak_stage_error": 0.013714524098348946,
  "peak_discharge_error": -8.881784197001252e-16,
  "peak_time_error": 2.0,
  "arrival_time_error": 0.9693587961579286,
  "phase_lag": -1.0,
  "hydrograph_NSE": 0.9993951900340727,
  "max_depth_map_difference": 0.9190548978947488,
  "arrival_time_map_difference": 7.300710047317857,
  "inundated_area_difference": 1615.4999531545507,
  "wet_area_iou": 0.5520900317327483,
  "wet_area_csi": 0.5520900317327483,
  "first_exchange_offset_vs_arrival": 7.141297983477438
}