link_id,time,dt_exchange,eta_1d,eta_2d,Q_exchange,dV_exchange,cumulative_dV,mass_error,mode,iteration_count
fp1_overtop,120.0,120.0,1.28,0.42,19.15678802575774,2298.814563090929,2298.814563090929,0.0,fixed_interval,1
fp2_return,120.0,120.0,1.28,0.4200000000000001,41.33205508189497,4959.846609827397,4959.846609827397,0.0,fixed_interval,1
fp3_overtop,120.0,120.0,1.28,0.42,25.708844413430395,3085.0613296116476,3085.0613296116476,0.0,fixed_interval,1
front_main,120.0,120.0,0.42,0.42,12.93057470539155,1551.6689646469858,1551.6689646469858,0.0,sub,2
