time,one_d_volume,two_d_volume,system_volume,system_volume_change,system_mass_error,current_exchange_volume,cumulative_exchange_volume,exchange_count
120.0,8057.2080078125,39044.53247794129,47101.74048575379,3278.2020420245753,3278.2020420245753,11895.39146717696,11895.39146717696,1
