time,link_id,Q_exchange,deta,dV_exchange,cumulative_dV,eta_1d,eta_2d,mode,iteration_count
120.0,fp1_overtop,19.15678802575774,0.8600000000000001,2298.814563090929,2298.814563090929,1.28,0.42,fixed_interval,1
120.0,fp2_return,41.33205508189497,0.8599999999999999,4959.846609827397,4959.846609827397,1.28,0.4200000000000001,fixed_interval,1
120.0,fp3_overtop,25.708844413430395,0.8600000000000001,3085.0613296116476,3085.0613296116476,1.28,0.42,fixed_interval,1
120.0,front_main,12.93057470539155,0.0,1551.6689646469858,1551.6689646469858,0.42,0.42,sub,2
