{
  "one_d_advance_time": 0.07003142114263028,
  "two_d_gpu_kernel_time": 0.19345088652335107,
  "boundary_update_time": 0.11715124594047666,
  "gpu_inlets_apply_time": 0.023825880489312112,
  "scheduler_manager_overhead": 0.22119602491147816,
  "wall_clock_seconds": 0.6256554590072483
}