{
  "one_d_advance_time": 0.06789166468661278,
  "two_d_gpu_kernel_time": 0.11661504930816591,
  "boundary_update_time": 0.04429603915195912,
  "gpu_inlets_apply_time": 0.011010870337486267,
  "scheduler_manager_overhead": 0.10660091252066195,
  "wall_clock_seconds": 0.34641453600488603
}