link_id,time,dt_exchange,eta_1d,eta_2d,Q_exchange,dV_exchange,cumulative_dV,mass_error,mode,iteration_count
fp1_overtop,60.0,60.0,1.28,0.4200000000000001,19.15678802575774,1149.4072815454645,1149.4072815454645,0.0,fixed_interval,1
fp2_return,60.0,60.0,1.28,0.42,41.33205508189497,2479.9233049136983,2479.9233049136983,0.0,fixed_interval,1
fp3_overtop,60.0,60.0,1.28,0.4200000000000001,25.708844413430395,1542.5306648058238,1542.5306648058238,0.0,fixed_interval,1
front_main,60.0,60.0,0.41999999999999993,0.41999999999999993,17.89530043619929,1073.7180261719573,1073.7180261719573,0.0,sub,2
fp1_overtop,120.0,60.0,0.8845685323079427,0.4685658601363254,0.0,0.0,1149.4072815454645,0.0,fixed_interval,1
fp2_return,120.0,60.0,0.0015075562728775872,0.515203594910367,0.0,0.0,2479.9233049136983,0.0,fixed_interval,1
fp3_overtop,120.0,60.0,0.5703065660264758,0.5004410746806034,0.0,0.0,1542.5306648058238,0.0,fixed_interval,1
front_main,120.0,60.0,0.41999999999999993,0.41999999999999993,11.21267569712669,672.7605418276014,1746.4785679995587,0.0,sub,2
