time,link_id,Q_exchange,deta,dV_exchange,cumulative_dV,eta_1d,eta_2d,mode,iteration_count
60.0,fp1_overtop,19.15678802575774,0.8599999999999999,1149.4072815454645,1149.4072815454645,1.28,0.4200000000000001,fixed_interval,1
60.0,fp2_return,41.33205508189497,0.8600000000000001,2479.9233049136983,2479.9233049136983,1.28,0.42,fixed_interval,1
60.0,fp3_overtop,25.708844413430395,0.8599999999999999,1542.5306648058238,1542.5306648058238,1.28,0.4200000000000001,fixed_interval,1
60.0,front_main,17.89530043619929,0.0,1073.7180261719573,1073.7180261719573,0.41999999999999993,0.41999999999999993,sub,2
120.0,fp1_overtop,0.0,0.41600267217161735,0.0,1149.4072815454645,0.8845685323079427,0.4685658601363254,fixed_interval,1
120.0,fp2_return,0.0,-0.5136960386374895,0.0,2479.9233049136983,0.0015075562728775872,0.515203594910367,fixed_interval,1
120.0,fp3_overtop,0.0,0.06986549134587239,0.0,1542.5306648058238,0.5703065660264758,0.5004410746806034,fixed_interval,1
120.0,front_main,11.21267569712669,0.0,672.7605418276014,1746.4785679995587,0.41999999999999993,0.41999999999999993,sub,2
