time,one_d_volume,two_d_volume,system_volume,system_volume_change,system_mass_error,current_exchange_volume,cumulative_exchange_volume,exchange_count
60.0,12095.48828125,33746.67051597744,45842.15879722744,1930.0437600018777,1930.0437600018777,6245.579277436944,6245.579277436944,1
120.0,12757.048828125,35850.269800976734,48607.318629101734,4695.2035918761685,4695.2035918761685,672.7605418276014,6918.339819264545,2
