{
  "one_d_advance_time": 0.15215653460472822,
  "two_d_gpu_kernel_time": 0.2866642305161804,
  "boundary_update_time": 0.13825762958731502,
  "gpu_inlets_apply_time": 0.018302157404832542,
  "scheduler_manager_overhead": 0.352868840796873,
  "wall_clock_seconds": 0.9482493929099292
}