time,one_d_volume,two_d_volume,system_volume,system_volume_change,system_mass_error,current_exchange_volume,cumulative_exchange_volume,exchange_count
30.0,14238.099609375,30902.256244521443,45140.35585389644,1316.8174101672266,1316.8174101672266,3348.5019172354005,3348.5019172354005,1
60.0,14528.3505859375,33130.04365061926,47658.39423655676,3834.8557928275404,3834.8557928275404,608.3836618925699,3956.8855791279702,2
90.0,13570.673828125,35838.89154797339,49409.56537609839,5586.0269323691755,5586.0269323691755,1784.0926391465084,5740.978218274478,3
120.0,13115.5869140625,37495.87942806308,50611.46634212558,6787.927898396367,6787.927898396367,1123.3799211490416,6864.35813942352,4
