time,one_d_volume,two_d_volume,system_volume,system_volume_change,system_mass_error,current_exchange_volume,cumulative_exchange_volume,exchange_count
30.0,14233.09375,30877.158128255764,45110.25187825576,1198.1368410301984,1198.1368410301948,3287.028028691485,3287.028028691485,1
60.0,14505.876953125,32880.67109979269,47386.54805291769,3474.433015692128,3474.433015692128,562.1550461118198,3849.183074803305,2
90.0,13571.13671875,35461.69150925901,49032.82822800901,5120.713190783448,5120.713190783448,1750.9671359180786,5600.150210721384,3
120.0,13109.6025390625,37118.297984899626,50227.900523962126,6315.78548673656,6315.78548673656,1110.0157052046097,6710.165915925993,4
