{
  "case_name": "early_arrival_pulse_fixed_interval_005s",
  "scenario_family": "early_arrival_pulse",
  "case_variant": "mechanism",
  "one_d_backend": "fastest_exact",
  "mesh_variant": "refined_figures",
  "scheduler_mode": "fixed_interval",
  "exchange_interval": 5.0,
  "reference_policy": "strict_global_min_dt",
  "source_mode": "synthetic",
  "wall_clock_seconds": 0.2446923420066014,
  "simulated_duration": 40.0,
  "exchange_event_count": 8,
  "first_exchange_time": 5.0,
  "cumulative_exchange_volume": 190.1894063520016,
  "sign_flip_count": 0,
  "link_mass_closure_error": 0.0,
  "final_total_mass_error": -104.46100154447572,
  "normalized_mass_error": 0.05406752544160085,
  "cumulative_mass_error": 1675.021075011086,
  "relative_cost_ratio": 1.398617255152769,
  "interval_over_t_arr_ref": 0.6300153126447228,
  "interval_over_t_rise_ref": 1.1622296172640538,
  "stage_rmse": 0.002784624185068943,
  "discharge_rmse": 0.004264523174230437,
  "peak_stage_error": 0.004275394688531553,
  "peak_discharge_error": 0.0008848517146926582,
  "peak_time_error": -0.5,
  "arrival_time_error": 0.1235860983690964,
  "phase_lag": 0.0,
  "hydrograph_NSE": 0.9999370699722697,
  "max_depth_map_difference": 0.3325578175704494,
  "arrival_time_map_difference": 1.2867869822549505,
  "inundated_area_difference": 857.6739355862928,
  "wet_area_iou": 0.7150025297071048,
  "wet_area_csi": 0.7150025297071048,
  "first_exchange_offset_vs_arrival": -2.9363150381387504
}