{
  "one_d_advance_time": 0.06468376098200679,
  "two_d_gpu_kernel_time": 0.0562608833424747,
  "boundary_update_time": 0.049351012567058206,
  "gpu_inlets_apply_time": 0.006696503376588225,
  "scheduler_manager_overhead": 0.06770018173847347,
  "wall_clock_seconds": 0.2446923420066014
}