link_id,time,dt_exchange,eta_1d,eta_2d,Q_exchange,dV_exchange,cumulative_dV,mass_error,mode,iteration_count
fp1_overtop,60.0,60.0,1.28,0.42,19.15678802575774,1149.4072815454645,1149.4072815454645,0.0,fixed_interval,1
fp2_return,60.0,60.0,1.28,0.4200000000000001,41.33205508189497,2479.9233049136983,2479.9233049136983,0.0,fixed_interval,1
fp3_overtop,60.0,60.0,1.28,0.42,25.708844413430395,1542.5306648058238,1542.5306648058238,0.0,fixed_interval,1
front_main,60.0,60.0,0.42,0.42,20.95536354381918,1257.3218126291506,1257.3218126291506,0.0,sub,2
fp1_overtop,120.0,60.0,0.8874366548326279,0.46565344802165015,0.0,0.0,1149.4072815454645,0.0,fixed_interval,1
fp2_return,120.0,60.0,0.0038080273403061755,0.5173094882415094,0.0,0.0,2479.9233049136983,0.0,fixed_interval,1
fp3_overtop,120.0,60.0,0.5713325429845739,0.5010356213372581,0.0,0.0,1542.5306648058238,0.0,fixed_interval,1
front_main,120.0,60.0,0.42,0.42,12.16264514890336,729.7587089342016,1987.0805215633522,0.0,sub,2
