time,link_id,Q_exchange,deta,dV_exchange,cumulative_dV,eta_1d,eta_2d,mode,iteration_count
60.0,fp1_overtop,19.15678802575774,0.8600000000000001,1149.4072815454645,1149.4072815454645,1.28,0.42,fixed_interval,1
60.0,fp2_return,41.33205508189497,0.8599999999999999,2479.9233049136983,2479.9233049136983,1.28,0.4200000000000001,fixed_interval,1
60.0,fp3_overtop,25.708844413430395,0.8600000000000001,1542.5306648058238,1542.5306648058238,1.28,0.42,fixed_interval,1
60.0,front_main,20.95536354381918,0.0,1257.3218126291506,1257.3218126291506,0.42,0.42,sub,2
120.0,fp1_overtop,0.0,0.42178320681097775,0.0,1149.4072815454645,0.8874366548326279,0.46565344802165015,fixed_interval,1
120.0,fp2_return,0.0,-0.5135014609012032,0.0,2479.9233049136983,0.0038080273403061755,0.5173094882415094,fixed_interval,1
120.0,fp3_overtop,0.0,0.07029692164731582,0.0,1542.5306648058238,0.5713325429845739,0.5010356213372581,fixed_interval,1
120.0,front_main,12.16264514890336,0.0,729.7587089342016,1987.0805215633522,0.42,0.42,sub,2
