time,one_d_volume,two_d_volume,system_volume,system_volume_change,system_mass_error,current_exchange_volume,cumulative_exchange_volume,exchange_count
60.0,12108.9306640625,33936.82160495398,46045.75226901648,2222.213825287261,2222.213825287261,6429.183063894137,6429.183063894137,1
120.0,12757.625,36463.79878688209,49221.42378688209,5397.885343152877,5397.885343152877,729.7587089342016,7158.941772828339,2
