{
  "floodplain_polygon": [
    [
      0.0,
      0.0
    ],
    [
      160.0,
      0.0
    ],
    [
      160.0,
      64.0
    ],
    [
      0.0,
      64.0
    ]
  ],
  "centerline": [
    [
      0.0,
      30.72
    ],
    [
      72.0,
      26.72
    ],
    [
      160.0,
      33.72
    ]
  ],
  "levee_lines": [
    [
      [
        38.4,
        44.72
      ],
      [
        83.2,
        44.72
      ]
    ],
    [
      [
        92.8,
        12.719999999999999
      ],
      [
        124.80000000000001,
        12.719999999999999
      ]
    ]
  ],
  "lateral_lines": {
    "backwater_link": [
      [
        44.800000000000004,
        44.72
      ],
      [
        73.60000000000001,
        44.72
      ]
    ],
    "mixed_return_link": [
      [
        99.2,
        14.719999999999999
      ],
      [
        118.4,
        14.719999999999999
      ]
    ]
  },
  "direct_connection_lines": {
    "front_main": [
      [
        148.0,
        16.72
      ],
      [
        148.0,
        44.72
      ]
    ]
  },
  "breaklines": [
    [
      [
        0.0,
        30.72
      ],
      [
        72.0,
        26.72
      ],
      [
        160.0,
        33.72
      ]
    ],
    [
      [
        38.4,
        44.72
      ],
      [
        83.2,
        44.72
      ]
    ],
    [
      [
        92.8,
        12.719999999999999
      ],
      [
        124.80000000000001,
        12.719999999999999
      ]
    ],
    [
      [
        44.800000000000004,
        44.72
      ],
      [
        73.60000000000001,
        44.72
      ]
    ],
    [
      [
        99.2,
        14.719999999999999
      ],
      [
        118.4,
        14.719999999999999
      ]
    ],
    [
      [
        148.0,
        16.72
      ],
      [
        148.0,
        44.72
      ]
    ]
  ],
  "partitions": {
    "upper_backwater_plain": [
      [
        32.0,
        40.72
      ],
      [
        99.2,
        40.72
      ],
      [
        99.2,
        64.0
      ],
      [
        32.0,
        64.0
      ]
    ],
    "lower_return_plain": [
      [
        89.60000000000001,
        0.0
      ],
      [
        140.8,
        0.0
      ],
      [
        140.8,
        22.72
      ],
      [
        89.60000000000001,
        22.72
      ]
    ]
  },
  "one_d_probes": [
    {
      "probe_id": "upstream_1d",
      "river_name": "mainstem",
      "cell_id": 2
    },
    {
      "probe_id": "mainstem_mid",
      "river_name": "mainstem",
      "cell_id": 6
    },
    {
      "probe_id": "downstream_1d",
      "river_name": "mainstem",
      "cell_id": 9
    }
  ],
  "two_d_probes": [
    {
      "probe_id": "upper_plain_probe",
      "polygon": [
        [
          64.4,
          46.72
        ],
        [
          76.4,
          46.72
        ],
        [
          76.4,
          58.72
        ],
        [
          64.4,
          58.72
        ]
      ]
    },
    {
      "probe_id": "lower_plain_probe",
      "polygon": [
        [
          109.19999999999999,
          0.7199999999999989
        ],
        [
          121.19999999999999,
          0.7199999999999989
        ],
        [
          121.19999999999999,
          12.719999999999999
        ],
        [
          109.19999999999999,
          12.719999999999999
        ]
      ]
    }
  ]
}