{
  "one_d_advance_time": 0.036792494473047554,
  "two_d_gpu_kernel_time": 0.02628559828735888,
  "boundary_update_time": 0.04599474882707,
  "gpu_inlets_apply_time": 0.004619428305886686,
  "scheduler_manager_overhead": 0.06126077112276107,
  "wall_clock_seconds": 0.1749530410161242
}