time,dt_exchange,mode
21.6,21.6,yield_schedule
28.8,7.199999999999999,yield_schedule
50.4,21.599999999999998,yield_schedule
60.0,9.600000000000001,yield_schedule
79.2,19.200000000000003,yield_schedule
88.8,9.599999999999994,yield_schedule
105.6,16.799999999999997,yield_schedule
120.0,14.400000000000006,yield_schedule
