time,one_d_volume,two_d_volume,system_volume,system_volume_change,system_mass_error,current_exchange_volume,cumulative_exchange_volume,exchange_count
21.6,14841.279296875,29934.104111528584,44775.383408403584,863.2683711780192,863.2683711780192,2384.0953068725403,2384.0953068725403,1
28.8,14930.05078125,30517.255471702534,45447.306252952534,1535.191215726969,1535.191215726969,178.55995923111493,2562.6552661036553,2
50.4,15096.8271484375,32109.015828002903,47205.8429764404,3293.7279392148375,3293.727939214834,485.01091565792547,3047.666181761581,3
60.0,14748.833984375,33085.2970480769,47834.1310324519,3922.015995226335,3922.015995226335,606.3490944145367,3654.0152761761174,4
79.2,14783.8857421875,34174.55816824497,48958.44391043247,5046.328873206905,5046.328873206905,505.67107285333304,4159.686349029451,5
88.8,14700.216796875,34752.06525868617,49452.28205556117,5540.167018335604,5540.167018335604,335.7297371967547,4495.416086226205,6
105.6,14565.830078125,35629.48727258852,50195.31735071352,6283.202313487956,6283.202313487956,515.63322251056,5011.049308736765,7
120.0,14446.69140625,36298.787187704525,50745.478593954525,6833.36355672896,6833.36355672896,417.371691813691,5428.421000550456,8
