{
  "floodplain_polygon": [
    [
      0.0,
      0.0
    ],
    [
      720.0,
      0.0
    ],
    [
      720.0,
      240.0
    ],
    [
      0.0,
      240.0
    ]
  ],
  "centerline": [
    [
      40.0,
      120.0
    ],
    [
      670.0,
      120.0
    ]
  ],
  "levee_lines": [],
  "lateral_lines": {
    "fp1_overtop": [
      [
        115.2,
        152.0
      ],
      [
        172.79999999999998,
        152.0
      ]
    ],
    "fp2_return": [
      [
        331.2,
        84.0
      ],
      [
        403.20000000000005,
        84.0
      ]
    ],
    "fp3_overtop": [
      [
        532.8,
        150.0
      ],
      [
        604.8,
        150.0
      ]
    ]
  },
  "direct_connection_lines": {
    "front_main": [
      [
        650.0,
        78.0
      ],
      [
        650.0,
        162.0
      ]
    ]
  },
  "breaklines": [
    [
      [
        40.0,
        120.0
      ],
      [
        670.0,
        120.0
      ]
    ],
    [
      [
        115.2,
        152.0
      ],
      [
        172.79999999999998,
        152.0
      ]
    ],
    [
      [
        331.2,
        84.0
      ],
      [
        403.20000000000005,
        84.0
      ]
    ],
    [
      [
        532.8,
        150.0
      ],
      [
        604.8,
        150.0
      ]
    ],
    [
      [
        650.0,
        78.0
      ],
      [
        650.0,
        162.0
      ]
    ]
  ],
  "partitions": {
    "Floodplain_1": [
      [
        0.0,
        0.0
      ],
      [
        237.60000000000002,
        0.0
      ],
      [
        237.60000000000002,
        240.0
      ],
      [
        0.0,
        240.0
      ]
    ],
    "Floodplain_2": [
      [
        237.60000000000002,
        0.0
      ],
      [
        475.20000000000005,
        0.0
      ],
      [
        475.20000000000005,
        240.0
      ],
      [
        237.60000000000002,
        240.0
      ]
    ],
    "Floodplain_3": [
      [
        475.20000000000005,
        0.0
      ],
      [
        720.0,
        0.0
      ],
      [
        720.0,
        240.0
      ],
      [
        475.20000000000005,
        240.0
      ]
    ]
  },
  "one_d_probes": [
    {
      "probe_id": "upstream_1d",
      "river_name": "mainstem",
      "cell_id": 3
    },
    {
      "probe_id": "mainstem_mid",
      "river_name": "mainstem",
      "cell_id": 8
    },
    {
      "probe_id": "downstream_1d",
      "river_name": "mainstem",
      "cell_id": 13
    }
  ],
  "two_d_probes": [
    {
      "probe_id": "fp1_probe",
      "polygon": [
        [
          117.6,
          182.0
        ],
        [
          141.6,
          182.0
        ],
        [
          141.6,
          206.0
        ],
        [
          117.6,
          206.0
        ]
      ]
    },
    {
      "probe_id": "fp2_probe",
      "polygon": [
        [
          348.0,
          24.0
        ],
        [
          372.0,
          24.0
        ],
        [
          372.0,
          48.0
        ],
        [
          348.0,
          48.0
        ]
      ]
    },
    {
      "probe_id": "fp3_probe",
      "polygon": [
        [
          578.4,
          180.0
        ],
        [
          602.4,
          180.0
        ],
        [
          602.4,
          204.0
        ],
        [
          578.4,
          204.0
        ]
      ]
    }
  ]
}