time,one_d_volume,two_d_volume,system_volume,system_volume_change,system_mass_error,current_exchange_volume,cumulative_exchange_volume,exchange_count
15.0,15346.35546875,29115.43020924428,44461.78567799428,638.2472342650653,638.2472342650653,1684.2888842026982,1684.2888842026982,1
30.0,15485.9482421875,30490.481086322623,45976.42932851012,2152.890884780907,2152.890884780907,421.0618249886826,2105.3507091913807,2
45.0,15391.77734375,31950.33172815893,47342.109071908926,3518.570628179714,3518.57062817971,598.0545990382412,2703.405308229622,3
60.0,15056.49609375,33393.84003961962,48450.33613336962,4626.797689640407,4626.797689640407,754.4466197053391,3457.851927934961,4
75.0,15052.755859375,34346.82636142563,49399.58222080063,5576.0437770714125,5576.0437770714125,438.47963069188063,3896.331558626842,5
90.0,14934.7900390625,35258.31548853734,50193.10552759984,6369.567083870621,6369.567083870621,516.1090201398144,4412.4405787666565,6
105.0,14792.0390625,36046.34242280512,50838.38148530512,7014.843041575907,7014.843041575907,478.13822209814873,4890.578800864805,7
120.0,14629.9794921875,36751.0089464383,51380.9884386258,7557.449994896582,7557.449994896582,463.80498436818715,5354.3837852329925,8
