time,one_d_volume,two_d_volume,system_volume,system_volume_change,system_mass_error,current_exchange_volume,cumulative_exchange_volume,exchange_count
120.0,8073.35205078125,38549.377099502846,46622.729150284096,2710.614113058531,2710.614113058531,11350.25695664259,11350.25695664259,1
