{
  "case_name": "early_arrival_pulse_fixed_interval_015s",
  "scenario_family": "early_arrival_pulse",
  "case_variant": "mechanism",
  "one_d_backend": "fastest_exact",
  "mesh_variant": "refined_figures",
  "scheduler_mode": "fixed_interval",
  "exchange_interval": 15.0,
  "reference_policy": "strict_global_min_dt",
  "source_mode": "synthetic",
  "wall_clock_seconds": 0.23244206700474024,
  "simulated_duration": 40.0,
  "exchange_event_count": 3,
  "first_exchange_time": 15.0,
  "cumulative_exchange_volume": 192.08296944664238,
  "sign_flip_count": 0,
  "link_mass_closure_error": 0.0,
  "final_total_mass_error": -73.42225896947616,
  "normalized_mass_error": 0.06181690898479952,
  "cumulative_mass_error": 2033.9846246061875,
  "relative_cost_ratio": 1.3285968946565363,
  "interval_over_t_arr_ref": 1.8900459379341683,
  "interval_over_t_rise_ref": 3.4866888517921617,
  "stage_rmse": 0.021299280102928232,
  "discharge_rmse": 0.009761005097424827,
  "peak_stage_error": 0.01430752157059556,
  "peak_discharge_error": 0.0,
  "peak_time_error": 1.5,
  "arrival_time_error": 1.0145130081862321,
  "phase_lag": -1.0,
  "hydrograph_NSE": 0.9996703097949174,
  "max_depth_map_difference": 0.9887197230078684,
  "arrival_time_map_difference": 6.28049599863072,
  "inundated_area_difference": 1604.9911573801546,
  "wet_area_iou": 0.5727686588420053,
  "wet_area_csi": 0.5727686588420053,
  "first_exchange_offset_vs_arrival": 7.06368496186125
}